seed,metric,baseline,hybrid
42,accuracy,0.871714521692659,0.8579288733420785
42,precision,0.8218252499074417,0.811798950627584
42,recall,0.9793302744198359,0.9658960557663461
42,f1,0.89369111844754,0.8821686528523507
42,mae,0.13360751672537227,0.1535819549220039
43,accuracy,0.871714521692659,0.8478355924792305
43,precision,0.8218252499074417,0.8084474198886715
43,recall,0.9793302744198359,0.9483367157857584
43,f1,0.89369111844754,0.8728225118772079
43,mae,0.13360751672537227,0.1635784540300596
44,accuracy,0.871714521692659,0.8610868192197445
44,precision,0.8218252499074417,0.813558067679328
44,recall,0.9793302744198359,0.9699991176211065
44,f1,0.89369111844754,0.8849176401927934
44,mae,0.13360751672537227,0.14751957299998716
45,accuracy,0.871714521692659,0.8565320895884954
45,precision,0.8218252499074417,0.8072185357627305
45,recall,0.9793302744198359,0.971432983323039
45,f1,0.89369111844754,0.8817451895160483
45,mae,0.13360751672537227,0.15305542761842283
46,accuracy,0.871714521692659,0.851564397804013
46,precision,0.8218252499074417,0.8015738564948904
46,recall,0.9793302744198359,0.970705020735904
46,f1,0.89369111844754,0.8780692214828044
46,mae,0.13360751672537227,0.15403599226986275
