,mean_abs_shap
sttl,3.2320714
ct_dst_sport_ltm,0.9905558
sbytes,0.78621197
ct_state_ttl,0.7153821
smean,0.5405683
ct_srv_dst,0.4053519
dbytes,0.2470376
ct_srv_src,0.22775076
dmean,0.19292039
ct_dst_src_ltm,0.18078472
sloss,0.1662032
swin,0.13468619
synack,0.12372581
ct_dst_ltm,0.11043997
tcprtt,0.10383079
dur,0.10332745
trans_depth,0.10273327
dload,0.0880592
ct_src_ltm,0.08678514
dtcpb,0.08531261
dpkts,0.076884836
sload,0.0765401
ct_src_dport_ltm,0.076059446
spkts,0.06836284
dloss,0.06330493
djit,0.057141922
sjit,0.053221907
sinpkt,0.051698375
stcpb,0.047833472
dttl,0.04782743
rate,0.042381097
ackdat,0.03792331
response_body_len,0.035186015
dinpkt,0.034926124
ct_flw_http_mthd,0.016250359
is_ftp_login,0.0009799756
is_sm_ips_ports,0.00064944715
dwin,0.0
ct_ftp_cmd,0.0
